0.01968237915043,0.2419723591743602
0.0175367270020221,0.1860593044737256
0.0279339063866126,0.2965864787962345
0.0564905071859025,0.4877728467753377
0.0352012980808518,0.3680077028132262
0.0790173676920575,0.4263163158940283
0.0868015714345001,0.371838876303716
0.0799631911596027,0.4697774729584504
0.0407394254029562,0.4358638336754785
0.0872571046987504,0.2939705021094483
0.1275557970979244,0.1737856284893294
0.109990584064322,0.2262380674826963
0.1414748362914288,0.1284761139818263
0.1615853448547393,0.335710656751919
0.1573478983421231,0.2835853317228534
0.1564765295185619,0.1949167694034456
0.1741807756379941,0.4522515542693281
0.1571086125804671,0.231514118622774
0.1760334176878482,0.4995589994404663
0.1562054746978899,0.1568239422700658
0.1820383034808192,0.5409032769427105
0.1927883715148207,0.5869878054621158
0.1707417932987116,0.4004895344751259
0.2009700356112249,0.6373716572754069
0.2212862480054493,0.5378879103770375
0.2239377228847768,0.487741007069822
0.2293776516324585,0.4535729030490655
0.2313732387681809,0.4181576151022301
0.2321998179000383,0.3785562785354437
0.216098688830262,0.6110304324731547
0.2233367253941538,0.583651292589555
0.2352864843974996,0.3257573311176279
0.2525814783996093,0.1683517352514031
0.2504904257490088,0.2223650983063724
0.2614608010977838,0.1166793966806447
0.2476608505760836,0.2618264032762851
0.2731815243557066,0.092524066793755
0.2947151882270604,0.3549205616422212
0.2916966474073813,0.3125063152164676
0.28948475163609,0.1283835063559084
0.303363638453141,0.4819367037652535
0.3021891127791148,0.4369659658226683
0.3003521512202914,0.4025859999338385
0.2949004609664202,0.2734005563237963
0.3114600039655734,0.5709891026364862
0.3077418784768027,0.5216782141532773
0.3186971991886882,0.6167549029218224
0.3228379681713901,0.6648927970074341
0.3310341471873211,0.7088900842289101
0.3561745809460486,0.6144226426714223
0.3539833427024287,0.5673958077389024
0.3545324580226558,0.6628422875474481
0.3578953976312499,0.5313777425998498
0.3633381119988186,0.4959839658288084
0.3654120435209906,0.4599300270449835
0.3532963391977944,0.7011487394236802
0.3730678566833322,0.428111563498483
0.3853570830848626,0.2171507660803733
0.3911604132081244,0.1808115511101166
0.3759891821791572,0.3782869284415232
0.4015982418903817,0.1532551124899352
0.3792318290884603,0.3048601630076294
0.4213957502043289,0.2299147085376486
0.434226994740124,0.4331012368460938
0.437605803558844,0.4868226096209197
0.4182262488053676,0.1862573585947544
0.4406331831102797,0.5289319683390541
0.434086279970832,0.3760543633200018
0.4476327107922011,0.5762817804218072
0.4240232562779523,0.2870272949989251
0.4558534122272099,0.6373769464317895
0.4651521022165243,0.6820034953579326
0.4854539811935298,0.5888264520358927
0.4896311536261806,0.5414870666831334
0.4881774469368118,0.5070035685885033
0.4936176851978144,0.472699278706604
0.4936937738891725,0.4392202545090087
0.4992065285419556,0.4010968539692404
0.4874239367573754,0.670019437186332
0.4894121729517293,0.6378385634416371
0.4999943946999988,0.363404863413085
0.5034694389279738,0.3110170366837291
0.5204880012358895,0.2060077891002065
0.5214459311461415,0.1657142948667148
0.5071295918036982,0.2567973385117188
0.5253319378505388,0.1303543324259688
0.5340477853462418,0.0980782833351341
0.5525407479449851,0.2147554008256099
0.563583447711087,0.4241722327082678
0.5572542042874538,0.2798515877121329
0.553679035263718,0.1676398546136113
0.5531274244923421,0.1294675767619367
0.5682581766244494,0.4939620700608195
0.5722872662776899,0.5468892348056797
0.5763281561262852,0.5946243135944727
0.5860536173675202,0.6490142051311931
0.5651757221719554,0.3781711844714727
0.5985988299921835,0.6911821128856341
0.6161532351109196,0.5985650371946309
0.6198271582285664,0.554972562069475
0.6218220876484822,0.5198466690775678
0.6167515630491502,0.6442698633557735
0.6222865897646417,0.483994348321792
0.6264495826182841,0.4499160031640614
0.6201527551879784,0.4117098999280446
0.6195632981226022,0.6710710086936784
0.6491638173457099,0.2022240219158246
0.6584085740011454,0.1511296402999571
0.6438761055508677,0.247618301564693
0.6436013239658736,0.2957474487351172
0.6395844006006933,0.3440747466712913
0.6679484853084896,0.1329510447234311
0.6863786242624306,0.2369051638449301
0.6952403338695181,0.4927457240320775
0.6989188933698902,0.5437293801517056
0.695304302850432,0.4379196889142869
0.7003867533849049,0.6050892491387491
0.6983127723284037,0.5696674807567594
0.6948736924428982,0.3975765268370301
0.6808861260095982,0.1815335504045078
0.7086982596721523,0.6626779359741142
0.7111330904262495,0.7068513012780897
0.6931070883036772,0.3545826205738224
0.7206729431614409,0.7586446302965592
0.6939839511137894,0.3169918669582535
0.7477900242215312,0.7083959938297206
0.7478915832799116,0.663710008142252
0.7483581746109862,0.6269384328237626
0.7537976777778517,0.5929575843620774
0.7538742823247444,0.5592515837292442
0.7457518790042017,0.7625368376836856
0.7577842093494853,0.5241697963855481
0.7597802607551891,0.4885502296469988
0.7595523041944352,0.4484106077501226
0.7653997846072528,0.4034483814238591
0.7701687658538154,0.35552805891258
0.7691864037358044,0.3223074193829166
0.7838621436512484,0.2449935342831711
0.7860010139966355,0.2031819064719713
0.8166215309546205,0.3585361862968815
0.8217757470455579,0.4229501102578389
0.8157162044913423,0.3133834871020278
0.823648257119606,0.474733555007424
0.8095850219578892,0.2022936292508584
0.8269793942344901,0.5257907176464678
0.8327240388464785,0.5822524471362942
0.8350107260239055,0.6715460563708382
0.8341548802392746,0.6267966757228463
0.8371265950104038,0.7236472627111059
0.8462664024693672,0.774906730994444
0.8499238845519035,0.8184913700756228
0.8543852512228665,0.8540665037961033
0.8662765446809222,0.8830148977969121
0.8855437637798637,0.767050315683945
0.8875689481268856,0.7186122547653333
0.8858929334948674,0.8240764040250472
0.889745635727232,0.6801166761813178
0.8938681632313799,0.6434153744554328
0.9006990006264535,0.5991353597043552
0.8978989552078848,0.5551530083354883
0.8872335130654915,0.8662036817788007
0.9021943810736556,0.5189803412927071
0.903424541767092,0.4832954672434727
0.9073687087029438,0.4331481190108589
0.9113055246974274,0.3862351849803856
0.918709435050144,0.3458790092748695
0.9146828953646028,0.3045971777084139
0.9209244877899204,0.2656080455368005
0.9643507369124996,0.4420783065819706
0.9407970538995828,0.2289904922537133
0.9647016021232676,0.485966567201796
0.9694524768405652,0.5302774227444803
0.9739252811491416,0.5911958163335377
0.9564181516343884,0.2880417305375675
0.9752366022574906,0.647150033610103
0.9819276143526796,0.7009694151434533
0.9856066079830214,0.7512936472628033
0.99170885017067,0.8010387472219893
0.9977961558130288,0.8503166221811953
1.0244822338484747,0.7505283580707673
1.0239625700862194,0.813956285664701
1.028900081335947,0.7012454623364237
1.0278780683507345,0.6640707459176198
1.0333218660149257,0.6282003186325786
1.031874040078652,0.5911292891762359
1.0072560387543898,0.883949054412659
1.0353971528307488,0.5577171714414826
1.0373869365917068,0.5248553683910735
1.03593408106397,0.4899973591783007
1.04248804773956,0.4471628821757319
1.0414903094419348,0.4046574178331519
1.0419038966168253,0.3631195695096567
1.0531990049211786,0.3086897175924142
1.0613341756662038,0.1934138026181808
1.0705079017780323,0.1561849876925237
1.0551341461008006,0.24305866122898
1.0940561173847854,0.401572343808287
1.0894957742011198,0.2924709074430388
1.100625706883417,0.507017148485452
1.0988133371251587,0.4618167903480137
1.095040756636514,0.4364661018096102
1.0855894180268064,0.2244828829963308
1.108699966374142,0.6057961969079906
1.1043368925031982,0.5593815793239711
1.1005562840127954,0.5375632115589577
1.1115987344830784,0.6581394014636583
1.119412277676539,0.7074823768310639
1.0956937784497192,0.3623517628548865
1.1254448691632766,0.7656502321774011
1.1350941016952223,0.7893793804282445
1.1519803746936228,0.6623257098150673
1.152532152531848,0.725959116185515
1.1559268102214282,0.611180181122941
1.1598381441248995,0.5754793671376872
1.1607642079806706,0.5425192936079309
1.164588980153032,0.5074548390101986
1.1712525117806658,0.4685754005988741
1.1738435058226546,0.3116215825234937
1.1777812116679351,0.2643171141422346
1.1816874632219916,0.2308525338996083
1.2173643832855627,0.2182938094706109
1.1933087211881157,0.1733573394317012
1.224402928280177,0.3733417559963452
1.230511327658809,0.4464107648062392
1.2278707195987284,0.4145339878992099
1.2236193123305472,0.3189860650997784
1.2335440987686077,0.5023525119171568
1.2386318448825533,0.5599465378573056
1.2248645714706627,0.2766578745116745
1.2402079205649794,0.6037859078895308
1.2487199237780533,0.6503982271071977
1.2530962486880428,0.6909823875110428
1.2568475501358842,0.7256958540030118
1.2654944446111147,0.756168482065072
1.286990859000726,0.6392641453838127
1.2900422734519557,0.5853899836690305
1.2883549422391465,0.6958334284767766
1.2939541349349513,0.5494570346931931
1.2975268331279162,0.5095481057362015
1.2855270123722276,0.7294618069782502
1.3014494924051707,0.4688641272864061
1.3003506919788306,0.431429701053894
1.306692423499677,0.3893805545810096
1.3116479475318468,0.3479669579992699
1.3150899291047349,0.3081204065280059
1.318869376920185,0.260229216958046
1.3364861013556235,0.1327837909131398
1.3209661732854183,0.2023072994523129
1.3633921426923985,0.4372138666480297
1.3678347711590737,0.4837345892673278
1.3585928968464382,0.1965035193428564
1.3724927531909723,0.5408301246597799
1.3561194985217633,0.1612747131717909
1.3755584826332885,0.596314256325926
1.3643308095436997,0.2559272913125384
1.3808978775854643,0.6344691240533065
1.3672898342686777,0.3021852951562435
1.3903177911453428,0.6828594867583768
1.401755496658198,0.7261903015329557
1.4209308914879148,0.6311827889916047
1.4202700031697213,0.584916428288239
1.424183588079162,0.5482251716764921
1.4265664326543286,0.5109452207286235
1.4223385580708174,0.6859239339312211
1.4300890231026968,0.4777629166345486
1.4282491460389322,0.4446657729198758
1.426405330970863,0.4133013510992072
1.4359673170897689,0.3745560691349862
1.436024706601826,0.3381330217042118
1.464465487622085,0.1826362392753343
1.4814216321431557,0.2321219515964985
1.4920116370903416,0.2867173942235155
1.498734552786292,0.3398061501307692
1.4435161078582552,0.2704587032076939
1.5075538592161977,0.498103806272649
1.513666245638246,0.5502675375300139
1.5074088359352371,0.4436483584182867
1.519830788931385,0.5956093852545162
1.5107045724640575,0.3979293720227179
1.5293918362791,0.6463134454189348
1.536213886579361,0.6899528688278015
1.559515016596732,0.5892981420462239
1.558245625089887,0.5459425109357472
1.5606243897167342,0.5104577372483969
1.5580330668168416,0.6394681510755387
1.5645326144182103,0.4761249721409857
1.570750118006019,0.436881159172774
1.5698009180295205,0.3970943492994452
1.5579550694600055,0.6737869880835144
1.570238268233486,0.3250378383787836
1.574195668654387,0.2690677567245415
1.5781537982335716,0.2127768454256432
1.5855438488209628,0.1631981837037713
1.5972472328305418,0.1177185616456369
1.6069765629882862,0.0767791241657269
1.628332012547164,0.2980016634001494
1.6328923044371917,0.3512673583396122
1.6319106624228858,0.2552606893208945
1.6367441499392663,0.3950452556828612
1.6266317421543754,0.1170864249041341
1.6414714909126988,0.4472071158655675
1.6436790394579108,0.491157949718498
1.6484661905432825,0.5297210584815923
1.660638763836249,0.5743647322912313
1.6679741982897704,0.6201177353911891
1.6949089998126383,0.5658077901248533
1.6946624992374446,0.5187031721139489
1.7001006095943665,0.4853351600274067
1.6921383794173264,0.6181442308404688
1.7068834489348688,0.4501365314051162
1.714841877901438,0.4032642983763252
1.7209791208162524,0.3572030289371399
1.729220783488208,0.3121044233039087
1.7426574531481958,0.1861187284040792
1.7301252808979486,0.2752582994913005
1.752712755252646,0.1521721644948497
1.773456427293943,0.2292113395161775
1.7706806731440317,0.1865785878204265
1.7826832128321903,0.382640961542839
1.7860790575756995,0.4333148693124289
1.7790949862152343,0.2761745694612784
1.7962593528598112,0.4850392490025664
1.8044332168424768,0.5311223941102068
1.8186593353990803,0.5633650157623966
1.8339549407447189,0.4691126963791647
1.8366027159726337,0.4205936396934209
1.834075462330143,0.5214135802640105
1.842042644720315,0.3864255356726641
1.8394349949927515,0.3540911433208638
1.8478550821168984,0.3010239258626058
1.8502775024623004,0.2351589738857248
1.867297983811337,0.144171703470515
1.8804281275067944,0.1089189873954189
1.8548162380756636,0.1918391913808605
1.8982980425469311,0.2319917574776118
1.903445361041746,0.2779497002921464
1.9138484777431777,0.3909734470298611
1.9166189508220537,0.4359298699813599
1.893999603617774,0.1528840567579161
1.9207319185852252,0.4800387680822363
1.8958742689408576,0.1930176906229287
1.930877803929526,0.5286708938529767
1.9156746256803567,0.345847101265254
1.9074413293917896,0.3167263510686181
1.935720941251533,0.5778621775457988
1.952627885318143,0.6022166753531806
1.9664952427639952,0.5395212702045352
1.9666594782698337,0.4953457493613612
1.970567354768824,0.4611661933477362
1.9742700766940904,0.4253299532158545
1.9779095810979404,0.3767718946401539
1.971849436321821,0.5711647514460276
1.9922445264258153,0.2344163863425529
1.994382116615004,0.2869917284010884
2.0020062587593284,0.1825638131582726
1.9866554535895564,0.3255907231246286
2.0100402849727423,0.1385420651652896
2.019929235571631,0.1209966393341016
2.0467866736447524,0.3682323426772749
2.0507166029678485,0.4179765498095739
2.045618841196288,0.3203165854874771
2.054773277995804,0.4587661496800859
2.047588612986599,0.2775346483711111
2.0576333468905093,0.504426273274471
2.066056438175642,0.5582951875680363
2.07758716888557,0.6136784423268709
2.106177830648257,0.5640372786951295
2.1098552357907625,0.5189127126321169
2.1118512098181363,0.4833271923588528
2.0902002241421895,0.6391886826907144
2.0981842622474884,0.5982827610460801
2.1123150155293233,0.4477812897906488
2.1162242848382578,0.4129888974018814
2.123580410554882,0.378337178817407
2.1256056176602365,0.3298891042325349
2.1337503605598735,0.2853030458310127
2.146426970517477,0.1968122588803332
2.154385167592894,0.1578311954114647
2.1794364418205268,0.2383319232962332
2.1766630090205212,0.194677777641912
2.18833671498608,0.4300966078367164
2.191983338061605,0.475758430990853
2.1757672581256045,0.1674866455198244
2.197060375833076,0.5213192977447584
2.1850799336103677,0.2831246910793705
2.200902138501095,0.5680847843909553
2.1916971736519626,0.3207897539766187
2.209648714122154,0.6144749504226339
2.219178028568745,0.6692860127923961
2.1983377432601108,0.3481898075902296
2.245364578192631,0.553930121205091
2.2440678721352274,0.6188949554000187
2.239930530198045,0.5855106938641337
2.24624030744461,0.5056664710427381
2.249946099882706,0.4684792052656542
2.243575049550217,0.6672082824503553
2.253683657883946,0.4326358744649696
2.255675472826072,0.3988803517008105
2.256106118405574,0.3626041243146545
2.26005315185684,0.3265162920593412
2.259416574403115,0.2848739337493283
2.2807877905908116,0.1551184932214965
2.2889992245077435,0.117537695325831
2.306140580007777,0.2082829192713158
2.2643312390162196,0.2213280470316857
2.309848428687068,0.1567852224538904
2.3227475317426105,0.3796812404128891
2.325799120295084,0.4413873636099961
2.33042014864729,0.4946795882626678
2.3338776501024068,0.5382874727295797
2.3370641007938735,0.5807801143774425
2.346841098075651,0.6275413454280578
2.316983747394223,0.2863185607879784
2.35132561239969,0.6696763416702471
2.3631849247986585,0.7040539088308415
2.383507037464988,0.6100763792427137
2.385527917642394,0.5635321529556168
2.390403332782139,0.5249571208952799
2.3837701914936895,0.6628172169684646
2.394409929961671,0.4856424223422155
2.3957539282476104,0.4458313558697413
2.40120720773334,0.4057889271077689
2.40488426169727,0.3608188796179763
2.4178023086261513,0.2463475445211076
2.4273084660746336,0.1996884114136732
2.4167839655846004,0.2931598867223278
2.434888282740262,0.1588839958687614
2.443689339533277,0.2517980741000252
2.4606936144852245,0.3537045611832092
2.4646678760644987,0.4106931486692861
2.4558454199366366,0.1997361648974502
2.468823610554418,0.4630696422367795
2.471376436991016,0.5146648803915947
2.46270212380209,0.3126035135336639
2.455398228458347,0.1557452576960742
2.4745908593111148,0.5587397260750058
2.4805345790221116,0.6118727171781839
2.489605309049427,0.6734633255823568
2.4989021113476095,0.7189204586066786
2.5221429099010813,0.6275629032584322
2.523379734234247,0.5790325800602307
2.527642330584835,0.5419841169387292
2.5296733007206376,0.5063210917161852
2.523093434412526,0.7050045016172835
2.5244351746581035,0.6764008280774925
2.533036936734203,0.4664748251378642
2.537450403242686,0.4268800873734332
2.5467939816980714,0.3884803172309851
2.5525971156718854,0.3343066366909631
2.5664740476696095,0.1556818074653134
2.5925154310092964,0.3150934831439856
2.5584144649816905,0.2298273454628571
2.5998926845286823,0.4083957584106863
2.6005719695448795,0.4606116228552301
2.605873739283998,0.5153215843277777
2.609297509314173,0.5737712957688743
2.5955690270039904,0.3641088839888688
2.6134118201440755,0.6253144164296351
2.621881717327891,0.7008016365246015
2.6103326655614705,0.6600016516676688
2.6317471184428674,0.7595088688665039
2.6404298152762617,0.8023165610624671
2.6607260527033754,0.7116217996926253
2.6633729574250755,0.6634857657413471
2.6688169485350928,0.6275302222930914
2.667363357913219,0.5929956545005328
2.6712743682345828,0.5574372166428363
2.664635423571368,0.7821151027895614
2.662777182971741,0.7570979148542951
2.676731799365336,0.5155680640703446
2.675294365934026,0.4739243324302473
2.680740949218104,0.4368282323949209
2.6808214226815057,0.4014199084978025
2.6809313891930717,0.3530346434091013
2.67914618183279,0.2958828301618801
2.6900832918173876,0.2467242825337972
2.7141588122938742,0.1632307406362003
2.726938714031752,0.2128673780719713
2.7289286912385355,0.300298037682793
2.734011751127359,0.2546236212054168
2.7451241691941224,0.4771941859076165
2.72883119454249,0.3431965839427631
2.7503575074724753,0.5620139901171964
2.7463039952837667,0.519832740978132
2.7536971376031207,0.6158160954502858
2.7586074228847215,0.6743777033595535
2.7622611655683382,0.7249803506524883
2.7702566784764953,0.7745083707695295
2.7444358912927855,0.4314896868372494
2.7761266096591157,0.8239950407108472
2.787024376720723,0.8601310304251164
2.8064014229961236,0.7606611869597647
2.806495050775659,0.7194649639640782
2.8119387710615205,0.6836285831443232
2.8104866119387557,0.6484641557439795
2.8062693381864814,0.8187785032024383
2.8044085441019577,0.7948848486216006
2.81286603428141,0.6126899871017011
2.816721854508762,0.5733270888833208
2.823987653335073,0.5299033899651064
2.8208019171370182,0.4914737377184162
2.8248927989139423,0.4489984067084231
2.8294130806802356,0.4101912064953599
2.8333207457493517,0.3386538773260384
2.8381403038370405,0.2778424452941525
2.8550548940515252,0.2059949580054838
2.8781439025111393,0.3717631158840614
2.8855921471298616,0.4651076907311965
2.8826864526554585,0.4194598923994078
2.8784785637892316,0.3181391592757971
2.880909790923951,0.2782962832752168
2.893017758587,0.5684108566743964
2.8912150369392884,0.5189653298966477
2.8873069930791644,0.4973602141824171
2.8961648734516103,0.6282112621392766
2.8803306141224434,0.2522530586815705
2.9004139662786654,0.6846516794261595
2.906046317347557,0.7343463644271333
2.9113978202498103,0.7671737341206045
2.9182200741772557,0.8082596929957628
2.935366504175818,0.8342426730323305
2.9462940930468644,0.7208291439254118
2.9483310775892413,0.6671989970507335
2.9507183538324098,0.6279691121819561
2.9480768897745513,0.7790416355142242
2.956157508796789,0.5941414728140568
2.956234113343682,0.5604354721812226
2.9616084736288144,0.5129853390933721
2.963159860787763,0.462357277984423
2.969314146279803,0.4228413254289185
2.9746934877949416,0.3832309160403384
2.9784238970936308,0.3468852089431459
2.979084516575967,0.3032607747714479
2.9821815688829627,0.2045223373499165
2.9948777484114,0.1512414919764656
3.0134601780661905,0.1881877027245
3.03306905421464,0.4587835598043794
3.0399695569784955,0.5122535335355558
3.0145581777445267,0.232996999569861
3.042431058384903,0.5527169837442976
3.0458904500820845,0.5954931617020869
3.024260363311039,0.3346075573890054
3.020559113319849,0.2778714499700965
3.0571607199424453,0.6442817022402922
3.030228603461109,0.3938679949006715
3.065841648978603,0.6878672252200899
3.0890501482064616,0.6107213731415502
3.092199987893699,0.5631073459228477
3.0961089090001477,0.5284681626278651
3.0978494737406193,0.4848851497670877
3.0900251151669154,0.6774082939366284
3.086250600220015,0.6529087670303655
3.1064833074339613,0.4362228957656271
3.104458108206492,0.3939213292752896
3.1130295872179103,0.3607415575629301
3.110936415456221,0.3241882102387712
3.117251065191844,0.2817777489082167
3.1426249719065815,0.1399241399774248
3.1601795792909275,0.2122597015330272
3.122739310842368,0.2477398534133381
3.1736381588004434,0.3691565130397881
3.1551934200910923,0.1811470428302891
3.180345357978389,0.4353945086593258
3.176186659622073,0.4043850461108663
3.185278330535059,0.4721348021277657
3.1948913427246315,0.5445787952443938
3.1925417303836863,0.5110603596839538
3.200777183444643,0.5950904406555655
3.1759157888642435,0.3323783521259078
3.216547970434956,0.6217933928924521
3.230166915805765,0.5279587921342399
3.223248546938171,0.4823499040484927
3.234081617942076,0.4349176450734284
3.231976126179167,0.5745492796087457
3.254083780569447,0.2005192225449739
3.251852717910085,0.2552794357159588
3.253180612961581,0.3029879018861882
3.262206767543681,0.1534680134384413
3.2425441900387555,0.3510316991007457
3.266106978534576,0.1258077711906118
3.2736798619138714,0.0828755835868019
3.296155763768443,0.1427294487740141
3.307539327721841,0.4115677914247866
3.3052421076373872,0.3579534052942039
3.314328451506331,0.4795503560620454
3.308743425785062,0.4468012132331669
3.308038173598975,0.3073846546753488
3.289051274727358,0.1113476786226943
3.3192032863086007,0.5348576782436969
3.3239006961169304,0.5746049920064858
3.3048452937950343,0.2178375994715321
3.334143985357391,0.6048664665098027
3.341729442588175,0.637837492049373
3.3633870069789413,0.5491616315385065
3.369719632453331,0.4972657378684829
3.3724256880723185,0.458213436267504
3.365929158225828,0.6202288030559151
3.364070917626201,0.5952116151206495
3.3771055294824976,0.4214265400396364
3.378653004639275,0.3840103469554757
3.3861167776819876,0.3513607715616104
3.4051756430921793,0.1487781866581357
3.391668025939148,0.2778050940530172
3.416859188268362,0.1197349303900394
3.42966862724464,0.1688678843691353
3.398959428820014,0.2088443465191337
3.440887285352165,0.2885166276848762
3.4523544246113587,0.3916713442979802
3.4487895950983236,0.3394294946883254
3.456370691569882,0.4301775649146817
3.457851026956429,0.4682652190106973
3.468710600777691,0.5246108528676576
3.4600529328580247,0.4952775016741306
3.4764788047917663,0.5708002995108108
3.4923806847422165,0.5959985527387306
3.5081402318536847,0.532579630441867
3.506416093852464,0.4874485169816848
3.510325014958912,0.4528093336867035
3.5001101468332436,0.5656074397714401
3.515768425731453,0.4171091387280912
3.515844256495044,0.383743602748114
3.515918539692031,0.351058996073852
3.5169561830999427,0.3158174224783032
3.5145528895424234,0.2778306204841053
3.5263511538636543,0.2318259267708948
3.5506720941112206,0.097432590930554
3.560753895317671,0.0691114078177669
3.542246933100542,0.15679555767523
3.5811156249450384,0.1456766346144719
3.575465807476703,0.272195775722663
3.5774685521079688,0.2336311897369016
3.581588367853363,0.1061983653057709
3.604668223481494,0.4640371062627165
3.580311191911352,0.1960849351041754
3.6129481469742193,0.5124498534133075
3.6007048449475803,0.4111981342148512
3.596164135484493,0.3584676315260274
3.6247853861416104,0.545119205502473
3.6434521770333586,0.4525878769056851
3.642942806539734,0.4961445258639608
3.6502397378337585,0.4032740480459281
3.646869834175447,0.3692741645150161
3.6457493185758976,0.5252438076086495
3.6726944649862943,0.1855010945724635
3.6717757133827273,0.23865052857081
3.682531905798003,0.1404626505909602
3.657846073731073,0.3143881605855272
3.698708885496526,0.1148372689803622
3.714443699853834,0.1533555937787166
3.7227833834762785,0.3359773222855868
3.7284178117602376,0.3847580326569662
3.7160047413412305,0.285064875330674
3.7334356997504545,0.4239354550178721
3.7172900780385656,0.2251025595658193
3.7339915663299905,0.4602351772788321
3.7418900561075334,0.495912390873378
3.7525163937452626,0.5374726789126288
3.7796647302456474,0.4821459154255157
3.7809743343034654,0.4325720373425585
3.777866046779542,0.536253970212061
3.798417533141953,0.3362430225232323
3.796263712012471,0.3995767566725634
3.799376397496741,0.2849149134995211
3.8066122938693128,0.2309375590032087
3.815602988618517,0.1829727023631139
3.8192848663985703,0.1371148176132917
3.829360774947568,0.1113864037799523
3.852370062176296,0.1962446888283548
3.84959541066759,0.1531267750022817
3.864561719339595,0.4144257549598484
3.849677586454257,0.1169694288688806
3.869519235491757,0.4612613329808003
3.875320212378438,0.510839168200068
3.88532456722979,0.5628934501100941
3.865959534693836,0.2558186521369432
3.893342713879286,0.6091970340418418
3.916504607543651,0.5215781059385867
3.9202534821256823,0.4711799903651963
3.925557872176437,0.4353657819542402
3.92410691241779,0.3996736343419662
3.9175260015022215,0.598816671524423
3.919514818034053,0.5663804492900862
3.929900906818458,0.36292447060166
3.931540861390008,0.3307796832964107
3.9328429012763992,0.2941095298656275
3.9330855124889617,0.2530210938789897
3.941789787403626,0.1768705064098568
3.967518447990077,0.0895380370315385
3.9792879096392526,0.1774939849639127
3.985019366082089,0.2257144580180162
3.985094306994881,0.2676420609907027
3.996493102261696,0.4016574599714996
3.9837158120424623,0.1251637940365042
3.999042060525807,0.4598160962424966
4.004345380807619,0.5116831957202288
3.987161855977685,0.2941905660805199
4.005728012524614,0.5515122031431633
4.012090107194682,0.5961108480404269
4.022848212432823,0.6467613437744522
3.990244897648513,0.3640827486290167
4.031046618816884,0.6897785890194843
4.053089818248548,0.6098653685362712
4.058373326701739,0.5602578889134254
4.0594173538218925,0.5222074819318079
4.066464339040601,0.485690537594809
4.055233120616611,0.6779839887132768
4.053379522716797,0.6509240128608695
4.067892892496863,0.4444236892868362
4.074201997945327,0.3875362747047266
4.089868027740716,0.2514027115581667
4.088638506436639,0.3045461080104847
4.0984588406633105,0.1968143071302491
4.079110824126959,0.3393693760419364
4.111172430310128,0.1642790042199327
4.141133696471828,0.4015212333849204
4.145187585007207,0.4614879324446851
4.139281946488714,0.3514733570320436
4.1521590376851485,0.5592709738284579
4.1513687318338715,0.5104676416746622
4.149502559955399,0.4889402164311794
4.140157594008212,0.3135512355295446
4.1336912579028455,0.2326978607002244
4.164297683580286,0.6359659304725922
4.15373612184618,0.592340105287124
4.1678946152593905,0.6824258917581063
4.176535795642544,0.715412720333573
4.19999919169468,0.6252467422523781
4.204841800698256,0.5763227909368089
4.203387939252226,0.5419073857727503
4.207298253168618,0.5066553661026248
4.200714440565667,0.7070751457332958
4.202706158784881,0.6733621810507447
4.211208218882524,0.4715565555262856
4.2179405978794495,0.4304723763527239
4.215989039013607,0.390339022100592
4.223047712756673,0.360169714116805
4.240261696172935,0.1591437139582251
4.250626588435386,0.1358998587856482
4.2271919280939105,0.3173932452195319
4.225692589663348,0.2548366817182451
4.269695883608197,0.3198178636961721
4.2748033684095095,0.4430967582027644
4.271068461495378,0.4011696968783916
4.2839937612646555,0.492281353207196
4.285381035681462,0.5300675727129904
4.269721750614748,0.2407706224127954
4.292411824208783,0.5964320648336465
4.2822467490385945,0.5609248127413753
4.296616685773455,0.6422398428631126
4.301974625145902,0.6722351656714585
4.309652373891979,0.7207741279326423
4.336066550200581,0.605295559111629
4.335556802864439,0.6678650134419001
4.340648508023063,0.5554012380187539
4.342854951108566,0.5208363379207573
4.334742220079297,0.7198657837144873
4.347729302296272,0.4827294447580963
4.35031406738268,0.440868774041029
4.351130317319116,0.4034552399576718
4.35342589496521,0.3637173171104099
4.356203944086049,0.3159690488335175
4.355553702322653,0.2701251316066504
4.385921360861481,0.1739197374983454
4.4022488163536275,0.22858921774141
4.40466360059318,0.2896082213663874
4.406654738474916,0.2561506051734807
4.4179871105540744,0.4588141038820877
4.421765217484513,0.5172128654743966
4.4251013455016945,0.5660740311025145
4.429701191972354,0.6265743962880026
4.423128778419205,0.591360495626858
4.432509005186228,0.6772759769919929
4.438981194020849,0.718574781545425
4.444527562188737,0.7609603509288776
4.447226711791757,0.8021889761003348
4.413435788128766,0.384205378732496
4.455871329558425,0.8336633559294531
4.476708218306879,0.7157427761129713
4.479781903208767,0.6623961240955432
4.4787358449074475,0.7715605051051718
4.484340559602272,0.6227544317534711
4.486337975680344,0.586534409172609
4.486797951164185,0.5526738066360487
4.478148253212531,0.8194400879256012
4.4925673181526715,0.5139933852899832
4.4950050034018725,0.4677079002347022
4.494749154929172,0.4247163571261954
4.501408396895627,0.3807023442027207
4.502372117471728,0.3403221935335633
4.516819289672546,0.2156606252515296
4.527484483098879,0.1775752322106149
4.512649754373406,0.2603249255256853
4.551479261484989,0.3635716524038198
4.558422035006505,0.443879127908925
4.555705714241682,0.3998793059436256
4.566852643043713,0.5510889436769991
4.565048373829397,0.5023243462049662
4.5625467324142,0.4795224998631776
4.556263998894037,0.3227626692615928
4.570038889235306,0.6046149815255983
4.573431127595928,0.6659952113138461
4.568583402844343,0.6321976831704381
4.577066079670274,0.7198017144570845
4.584610931134243,0.7706392773950373
4.588934677468865,0.8062699092348045
4.596610917337505,0.855472777569062
4.622667518709985,0.7451832962938203
4.622512370761449,0.8038729044252115
4.625898112357072,0.6930170507035127
4.629813649310751,0.6554668946266056
4.628786120356002,0.6260693194190137
4.621695888690021,0.8567093606639049
4.63379422870314,0.5892980655182057
4.638422058888855,0.544754542535446
4.638161223572162,0.5063142542855543
4.640098721690003,0.4636278854364557
4.650582103675495,0.4252878071487309
4.654822947283576,0.3692231980298972
4.696143773643644,0.3419521647974141
4.655377793448107,0.2936194959883583
4.6747660098999155,0.2572184261301663
4.701453491997789,0.4321066066864367
4.705713251980363,0.4838534755446464
4.707338031103746,0.531341993811298
4.712970438447787,0.5810119177466113
4.71605725348508,0.6272183876224071
4.705125204306,0.3814617157906704
4.71966242595635,0.670052400354995
4.731275699700561,0.7165961012839523
4.739477433039545,0.7581494863616417
4.761921962620988,0.6701796103298323
4.765693866049244,0.6192242916421149
4.766337344243143,0.5812264104779122
4.771435091945916,0.5444101386221446
4.7617452498594055,0.7479332254260278
4.7637323253788075,0.716263048660621
4.775357118127742,0.5040047221610486
4.777396951599549,0.461888365303442
4.782859160470181,0.4108949817530614
4.788073585964702,0.3585801697687792
4.790255778061352,0.3150174378228557
4.7923383179227566,0.2751758297760009
4.80602453504337,0.1964283076059059
4.812045807185806,0.1498993248498592
4.821273946844832,0.1154791222293301
4.836645345583845,0.2336485998611952
4.838950312116314,0.2889718143614318
4.843828471525862,0.337037763029679
4.84078233931854,0.1829217653137528
4.837778744675371,0.1562745254746048
4.856810970249645,0.4613187060365482
4.864180617829472,0.5237070739709826
4.872190909424459,0.5837555638373658
4.881480835133518,0.6322383960764787
4.903683739794511,0.5302059062175857
4.9030396581225215,0.4802485466875711
4.902714422715482,0.5714971687525442
4.912499847741,0.4229492129293013
4.908329801902804,0.3682061747328797
4.904729377647252,0.6118243557218109
4.917744356644494,0.3065551228199028
4.939585564396722,0.1544044948609818
4.935601898316699,0.2092601424417556
4.946688995904058,0.097889325452796
4.930339817327139,0.2468412507954227
4.954803796803656,0.0664777470668978
4.969464862471483,0.3567532673928812
4.969992099068849,0.1247691645525111
4.973174669789757,0.4097241508943031
4.974991416259817,0.4529987558390196
