0.007323687792438194, -0.03430774524524527
0.009643265893265918, -0.06892308975642325
0.012009126071626075, -0.1074981231231229
0.014345126845126566, -0.1435185185185185
0.014703439703439458, -0.17417417417417413
0.0209201677951677, -0.2145374541207875
0.019390285640285776, -0.24748498498498483
0.02171144202394215, -0.28223536036036045
0.024007630257630197, -0.3148495717940162
0.025605567793067552, -0.3507389601139599
0.04034887088637085, -0.4206536568619904
0.044171957808321616, -0.46122258622258616
0.03720532015532019, -0.38161077744411065
0.05042540693582365, -0.49976278361695037
0.050130059505059665, -0.583719135802469
0.05500152661610991, -0.5362941066066065
0.06005809125027872, -0.6369787756506506
0.06851483413983428, -0.6694988257488257
0.08819017217454694, -0.4198664810643974
0.08916284228784255, -0.48260413190968743
0.08865257349632372, -0.5793799007340676
0.08975679561617034, -0.5334201388888888
0.09791722166722172, -0.37144331831831834
0.10039119500925053, -0.3145941079968857
0.10194187131687138, -0.26522147147147135
0.08625080853414169, -0.6191760863427529
0.11422711110211126, -0.16942984651317983
0.10591656573531538, -0.22641652068735396
0.11705791207106964, -0.1253182352392871
0.14946341274466257, -0.15309841091091092
0.1558331556493322, -0.2595591915444857
0.15986792236792224, -0.3059934934934935
0.16026206651206643, -0.3397147147147147
0.13650356940356956, -0.08623053823053894
0.1443489943489944, -0.12512512512512508
0.16449692637192637, -0.37435560560560543
0.16873536936036937, -0.40930305305305315
0.1717695192127009, -0.44547672672672667
0.1515999621999624, -0.2027861194527859
0.17760600135600146, -0.4801176176176174
0.18547565422565437, -0.5182249557249559
0.19241069241069253, -0.5507278111444779
0.1970420088225644, -0.5837357507079726
0.21985123664811168, -0.6046945382882882
0.23029929123679116, -0.4745995995995992
0.22746762434262435, -0.5190503003003004
0.23023086343398846, -0.5506639451951951
0.23400484337984317, -0.42299591257924574
0.23808853808853803, -0.3816893816893817
0.24621377779272502, -0.32067593909699177
0.24146587556587562, -0.3496537691537689
0.22941429531429536, -0.5780864710864714
0.255371095996096, -0.2615427927927928
0.2673639327139328, -0.20863775313775346
0.28810780998281027, -0.3005192692692691
0.29055079273829276, -0.3456925675675677
0.288875149291816, -0.2569444444444444
0.2932326920963285, -0.38151788151788146
0.29820527831891475, -0.4196981071981073
0.29830661932934643, -0.4581570206570206
0.2850474415974419, -0.2306877518544178
0.30571645685282034, -0.4963372463372464
0.30463447869697846, -0.5348379629629629
0.31303525636858953, -0.5763763763763764
0.3154328623078624, -0.6254692192192189
0.3275076786014286, -0.673171609109109
0.33884733884733886, -0.7094690844690845
0.35949878828168325, -0.5964961672198514
0.35668576293576293, -0.6440815815815817
0.36195289085914084, -0.5359109109109108
0.3692867011945957, -0.4508818028554875
0.36699010136510124, -0.4958395895895895
0.3711118804868804, -0.3947769885269884
0.36149335461835463, -0.680912162162162
0.37600141883230087, -0.34160815226991703
0.38063554723710946, -0.2911446602852853
0.38564670917612065, -0.2416166166166166
0.39300586800586823, -0.20105682605682595
0.4170440670440668, -0.2916089166089164
0.41723847473847475, -0.33848848848848856
0.4148463382838382, -0.24851413913913922
0.4214805008555007, -0.3737424924924925
0.42723301473301467, -0.40715715715715706
0.4295475167350167, -0.4413382132132132
0.4087732364732365, -0.22300781550781512
0.4334152896652894, -0.48238141988142014
0.44010600135600164, -0.5254879879879881
0.4505190179822528, -0.5682796767355589
0.460897678728561, -0.6081320290879113
0.48191376871932423, -0.5161550439328217
0.476617982086732, -0.6182979854854854
0.48662652282443974, -0.4642533158158155
0.48687697687697684, -0.43106856856856834
0.49058710746210765, -0.3880484651317988
0.4809569479819482, -0.5660360552860546
0.49800818583713324, -0.32277343132606306
0.4931114879031544, -0.36372831164497843
0.5057267215079713, -0.2579407532532533
0.5136857458732458, -0.20161098598598615
0.5294389806612024, -0.1287146719368949
0.5477537564343119, -0.2509836225114003
0.5476524114024113, -0.1913413413413414
0.5539084007834004, -0.3056397743897743
0.5551889251889252, -0.34461961961961973
0.5425041243541244, -0.1676442724776046
0.5609553734553734, -0.37922644867089317
0.561729365422547, -0.41565713440713425
0.563756683287933, -0.45505661911911943
0.5715044523638272, -0.5035308746246245
0.5743940962690961, -0.5459591535980426
0.5827583595965947, -0.586943561208267
0.587979272354272, -0.6316003503503494
0.5960659417256642, -0.670710641196752
0.6047840032215032, -0.6884227977977977
0.62199795012295, -0.5227971026582134
0.6187333218583219, -0.571164914914915
0.6191140292702791, -0.6037365490490489
0.625768308233586, -0.44488064453342224
0.6234122905997903, -0.47996433933933924
0.6292629423879423, -0.3907052886219553
0.6321314987433408, -0.32914658079131776
0.6166776156963659, -0.6436129350504353
0.6406855771439103, -0.2413976476476477
0.6396544797586463, -0.2858118535201868
0.644640668599002, -0.19358942275608926
0.6480615610823943, -0.15859088254921594
0.6564191064191063, -0.1279548779548778
0.6791903398811292, -0.250732640535272
0.6829674164901434, -0.30264924014924
0.6800121195954528, -0.18882076520965407
0.6868346618346617, -0.3356272939606272
0.6875938145824506, -0.370788402038402
0.6921584278355111, -0.4088176718385055
0.6942483539358537, -0.4456300050050048
0.7005911384817634, -0.4885862424924924
0.7056767119267119, -0.5361467236467237
0.717625527000527, -0.575409544159544
0.7273036401712872, -0.6175992168639223
0.7570591811400633, -0.5419518783489372
0.7529814549345799, -0.5882171233733734
0.7610919252964706, -0.49271430521430515
0.7614747849122849, -0.4488707457457458
0.7709779117765229, -0.36211037426315196
0.7698440285245839, -0.4107336503169835
0.7802764237546846, -0.29493080036558317
0.7880050630050629, -0.24491799491799493
0.8155121592621589, -0.3045786170786171
0.8172366547366545, -0.35129574018462917
0.8179836827564099, -0.3854195104195104
0.822245253211162, -0.4223456410956412
0.8261795464920464, -0.4610600183516851
0.8289152651652651, -0.4985110110110109
0.8347543253793251, -0.5393301955801952
0.8388897661814327, -0.5873102268935602
0.8454960220585219, -0.6391547797797803
0.8524468649468648, -0.684500677147736
0.8653302028302027, -0.7125989625989625
0.8912238103414574, -0.6289598421951363
0.889378683128683, -0.6721096096096095
0.8955334885022384, -0.5784456331331334
0.8989915630540629, -0.5349255505505506
0.8902687777687777, -0.7014514514514514
0.9020916543643815, -0.49163051940829716
0.9056996205433704, -0.4447103353353352
0.9141155411988743, -0.36993243243243246
0.906014637264637, -0.41022272272272275
0.9216715157340153, -0.30798611111111107
0.9299480986980986, -0.26496207746207756
0.9529936830718079, -0.35408455330330335
0.95225074940984, -0.4040915915915917
0.9565090624749713, -0.4407390344890345
0.9603866228866227, -0.4745995995995995
0.961143604041331, -0.5095749158249157
0.9654051744960832, -0.5465010465010467
0.9522768085268083, -0.27227227227227235
0.954562048312048, -0.30394978311644993
0.9692767630267628, -0.5798506840173507
0.9735068453818453, -0.6140828328328327
0.9772439631814629, -0.6529498248248248
0.983648536947148, -0.6989819680791902
0.9963848151348151, -0.7313996688996687
1.0151898778461275, -0.6086414539539533
1.0179201507326505, -0.5520051301301301
1.015116324178824, -0.6678835085085082
1.023771172208672, -0.4908641280169058
1.0222573003823001, -0.5251814314314314
1.026095087032587, -0.43222910410410376
1.0307502199547651, -0.3879277004277004
1.0362231412231409, -0.3438021354688021
1.0368477999727996, -0.2989426926926928
1.0460738726363725, -0.2690972222222222
1.052123902123902, -0.2321841071841072
1.0798149527316192, -0.2941399733066403
1.0845253794117429, -0.34166552916552917
1.0920569769528101, -0.38033345845845845
1.0962456482342842, -0.4209522022022021
1.1045555266388598, -0.4666291291291289
1.112395544687211, -0.5093426760093427
1.1187309141475805, -0.5434726393059726
1.1312138421513418, -0.5785003753753751
1.1552734288845399, -0.47323712601490375
1.1580817612067609, -0.4196383883883883
1.1518237728465, -0.5289437164437164
1.1664888010591132, -0.3723821477727729
1.1673927198927196, -0.3268393393393393
1.1732820357820353, -0.2887791637791637
1.1777091774487607, -0.2537511469803134
1.1804097054097051, -0.2180353430353431
1.188415668678826, -0.16804304304304296
1.206610261297761, -0.15961273773773776
1.2154592422974775, -0.2854361714655831
1.2146906686679413, -0.21792815542815547
1.2191522066522062, -0.33153987320654
1.2180275024025022, -0.3663851351351354
1.2237744425244423, -0.3993229340451562
1.2245164034936757, -0.4330131899576344
1.23081774019274, -0.47259519134519135
1.2348593394047938, -0.5136158886158888
1.2350999157249156, -0.5490928428428428
1.2384819185955547, -0.5852386477386478
1.245517142392142, -0.6211572149072146
1.2500601031851029, -0.6587525025025024
1.2683095186220181, -0.7054607203357203
1.2850787866412863, -0.5652892475809141
1.2818191349441346, -0.6140828328328327
1.2890556926741137, -0.5002535430167008
1.2841436185186184, -0.6491178678678677
1.2966819274241148, -0.3906605824574574
1.2931278868778866, -0.4347472472472472
1.2911022248522246, -0.4580455455455458
1.256623844792596, -0.6805670622545614
1.29939239001739, -0.3451491263991264
1.3040217921467918, -0.285454204204204
1.3007367622367614, -0.3177288057288056
1.3070301195301193, -0.23784361284361277
1.3092425811175807, -0.19847972972972983
1.3184087206587203, -0.15648504273504238
1.3439526857929631, -0.2866633995106217
1.3473351933579203, -0.33609177359177367
1.339120681295681, -0.19900525525525525
1.3432014452847783, -0.24059476142809477
1.3519677442972895, -0.37496871871871873
1.3569631322472229, -0.415099758849759
1.3255693231443235, -0.13068123893123973
1.3590870059620057, -0.45703155078155067
1.3641008721737884, -0.4995073198198198
1.3696852444248275, -0.540381527360694
1.3793265476598806, -0.5788288288288286
1.3900698990772518, -0.6139025054466233
1.4149811321686323, -0.5382100850850847
1.4226490797214482, -0.4612885912228014
1.4164123929748926, -0.49682494994994986
1.4259855478605474, -0.4084541272041272
1.4134826672576668, -0.5786027373527366
1.430895995895996, -0.3597430764097429
1.43278596351513, -0.31391287120453815
1.4380695852050018, -0.2744437145478812
1.4405007405007402, -0.23878686378686387
1.4546800530633868, -0.16774396191062935
1.4772804835304834, -0.2347780472780473
1.4793593662911846, -0.28202634452634423
1.483232764482764, -0.3155308085863642
1.4840226010364894, -0.346697391836281
1.4738579365454363, -0.19697454184954122
1.4897190234690232, -0.3789539539539537
1.4943366477220639, -0.41903622372372396
1.4993860900110896, -0.4624552437052437
1.5033563445021774, -0.5080653570236902
1.5075347120268994, -0.5515261355105106
1.5189565564565564, -0.6030467967967967
1.5458039331394593, -0.5122737869448395
1.544371434144161, -0.5715829465829464
1.5531034400826065, -0.44981961127794434
1.5604096715034212, -0.3813297672672675
1.5666448363139536, -0.3201491933109578
1.5740640123973455, -0.2661411411411412
1.5836327607709182, -0.21330047152415565
1.5914132351632349, -0.16922210672210647
1.6178157026841231, -0.25775117222485655
1.6248220810720806, -0.3053122567011458
1.6255870247347517, -0.3409688097188096
1.617553306615806, -0.1749405655655657
1.6198749748749746, -0.2097347347347347
1.6301493306701635, -0.37880067567567555
1.6350079662579657, -0.420598483098483
1.638490630820176, -0.4619193056693056
1.6427320364820366, -0.5035035035035034
1.6493295193816022, -0.5452353395061726
1.6597402378652377, -0.5777339839839838
1.6613228811145475, -0.6156156156156156
1.6670355382160935, -0.6583632243354467
1.6767844127219123, -0.6878096846846845
1.6949453742216893, -0.49283164743691044
1.6927104239604236, -0.5430638972305639
1.698613255058567, -0.4336934590840842
1.6931182181182178, -0.5779529529529528
1.7017254206490315, -0.3677305778000226
1.6954226532351528, -0.6112727310643977
1.7037160151130737, -0.3088787316728494
1.6958362059924557, -0.6466544669669669
1.7090631403131393, -0.2569444444444444
1.71149530732864, -0.21147188855522203
1.7140038546288547, -0.1719339531839531
1.7197207822207816, -0.13172788172788163
1.7276220401220397, -0.0893601935268602
1.7535030347530345, -0.1737362362362359
1.7525190109565107, -0.2206174924924923
1.7521760259260253, -0.12573823823823815
1.7567377467377463, -0.25387887887887883
1.7637494699994694, -0.29420285670285695
1.7505719786969782, -0.08680555555555558
1.7647868650709557, -0.33483767858767843
1.7708153884290243, -0.3739933114933114
1.777665691728191, -0.41536849349349336
1.7874313328858782, -0.455091455091455
1.7968112577487572, -0.4852195945945944
1.8163073819323814, -0.5058447870947872
1.8284762857028478, -0.4237303709959961
1.83120464735048, -0.3772678928928931
1.8338886760761755, -0.33383904738071424
1.8281817475567472, -0.4681619119119118
1.8378907072266442, -0.28712110548048053
1.8404724757849755, -0.24176989489489487
1.8467245706829036, -0.19777902902902877
1.8480280995905993, -0.1509269686353022
1.8553801741301734, -0.118286555786556
1.8601327705494368, -0.07791541541541558
1.8716777435527434, -0.04439856523189856
1.8917540130040127, -0.14004421087754448
1.8918931035408306, -0.18769053144053172
1.8957862270362265, -0.22288260482704947
1.8965211303279483, -0.2559690372190373
1.9023198629448625, -0.2903591091091091
1.89265298015298, -0.08588588588588586
1.9059629757546421, -0.3289852352352354
1.909305841692205, -0.36674742924742953
1.913317056871744, -0.412042902277277
1.9197572041322037, -0.45891805266805263
1.9245600766434094, -0.5001459793126464
1.9354290106026215, -0.5380397758869981
1.9533718502468498, -0.5622040309540308
1.9741348463774933, -0.4689192869339929
1.9719515969515968, -0.5134300967634301
1.9782019847360748, -0.422624328874329
1.9842729494045281, -0.36036694589326157
1.9782499407499405, -0.39693860527193847
1.9886644417894415, -0.3049323361823363
1.9742816258441254, -0.5489395645645645
1.991058132464382, -0.26396969886553234
1.995033746335829, -0.22181817233900558
1.9976110632360626, -0.18096221221221243
2.0048827880859124, -0.13604620245245258
2.0119250931750923, -0.094907407407407
2.0369328779485025, -0.21575090715715717
2.033054745554745, -0.17067067067067065
2.036432782682782, -0.26307557557557537
2.0357225269725263, -0.13677427427427435
2.0421809171809167, -0.29611556000444894
2.042945860843588, -0.33177211302211296
2.0453073959323955, -0.36699824824824834
2.034114896614896, -0.09753503503503502
2.0514430201930196, -0.40978478478478486
2.0551780525738854, -0.4523742492492493
2.0618862868862866, -0.4948794948794949
2.071793484293484, -0.535910910910911
2.0760585448085447, -0.5731356356356354
2.0866072563989224, -0.6174403570236904
2.1123611743097035, -0.4793782753341579
2.1080281209187453, -0.5230738551051051
2.1161778722325595, -0.42162279466966956
2.1095804505526727, -0.564863474585697
2.121275494712994, -0.3457606912468024
2.1205933068433067, -0.38569819819819817
2.1109411546911545, -0.6084626292959624
2.1314258012695504, -0.26391860610610574
2.125048728173728, -0.30813938938938945
2.1310309593642915, -0.20384001950668584
2.1465213152713147, -0.14894221144221143
2.174436183811183, -0.2775919301654597
2.172071499912408, -0.20845277095277104
2.1734086351586352, -0.24161661661661626
2.175026404713904, -0.32423360860860884
2.180772349522349, -0.35708625291958584
2.1830826712076705, -0.39090965965965996
2.1642279289779283, -0.17296895613562202
2.185788186640459, -0.42875546000545983
2.1903288903288898, -0.46894009394009395
2.194844340547465, -0.5165595282782782
2.20385128072628, -0.5621725892559228
2.2107069298245765, -0.6051566272154509
2.222608527556444, -0.6323484943276609
2.2421699603684893, -0.5213945563210268
2.2401359745109746, -0.5676614114114114
2.2452081987238235, -0.46329532657657657
2.2537587876650376, -0.37565847097097105
2.2509638478388476, -0.42325137637637655
2.243936934561934, -0.6002877877877877
2.2585942943364814, -0.29785058495996
2.254047329047329, -0.3348098098098099
2.2665602997200214, -0.23301600211322437
2.2582236644736637, -0.26614114114114107
2.2747678981012314, -0.18521021021021045
2.2933622121122115, -0.1595275831386943
2.3073588413171744, -0.22107732732732743
2.3124175794630335, -0.2706001456001459
2.3170419869283503, -0.30878037128037117
2.32082311051061, -0.3463056806806808
2.325358389160472, -0.3848040749082414
2.3038857707357696, -0.1895020020020023
2.3331661673458544, -0.43158588275775767
2.3360832389241475, -0.47822254072254045
2.3410926129676124, -0.5216779279279279
2.3516208203708198, -0.5564266189266187
2.357812532648059, -0.6032726805753121
2.3688139422514416, -0.6347754004004005
2.391742979242979, -0.4881526263105209
2.3877769037925285, -0.5368689001501499
2.38623207060707, -0.5685372872872874
2.396954582892082, -0.43266704204204176
2.3889369914369913, -0.6033533533533535
2.4011238089363083, -0.3680711961961959
2.3971004200170865, -0.4061353019686351
2.4048742406696944, -0.31658362908362936
2.4114771843287466, -0.2708352884134133
2.4145001587709913, -0.229098890557224
2.4179150793734117, -0.19358942275608948
2.4262439137439133, -0.1604970354970353
2.4512576252810625, -0.25416627565065053
2.4501901764401754, -0.2078953953953958
2.4558491308491304, -0.2988405071738405
2.456613169681351, -0.3344196469196469
2.460853567103567, -0.36953430703430734
2.450526194276194, -0.17110860860860877
2.465693393818394, -0.41010481635481644
2.471668975314808, -0.45084146646646595
2.474110238030692, -0.4909028346528346
2.485939315730982, -0.5358087253920591
2.490031258781258, -0.5767065142065138
2.49996441090191, -0.6091560310310307
2.525486239548739, -0.5223713296629966
2.5233612452362446, -0.5699386886886886
2.5336216002882663, -0.4538218774329881
2.521241227491227, -0.486861861861862
2.5205982549732546, -0.5956894394394394
2.5391403233200105, -0.37985446383883914
2.531889091264091, -0.414821071071071
2.5482275888525883, -0.29132257257257255
2.543306474556474, -0.3384009009009008
2.555449488782821, -0.22263930597263937
2.562818248718248, -0.1868814968814968
2.566051236363736, -0.14275212712712726
2.590094321895792, -0.31564100865571454
2.589674640242821, -0.22015765765765782
2.591439693002193, -0.2669075325325324
2.5956831738081734, -0.3653003965503965
2.597266855391855, -0.40501126126126097
2.603020165520165, -0.4384940496051607
2.605312372499872, -0.4707676426426427
2.609281516833599, -0.5099813355021685
2.612808078433078, -0.5550196029362697
2.6230073485588186, -0.6065090826120236
2.628503352584234, -0.6526728934817172
2.653280084530084, -0.6659784784784786
2.6609738129474962, -0.5678573310152257
2.6581474518974515, -0.6143018018018018
2.665211876859604, -0.51654211029211
2.6589518073893066, -0.6363081831831829
2.672001583807139, -0.46029362696029363
2.675125561205106, -0.41147681772681766
2.678528809494718, -0.3749687187187185
2.6804776054776047, -0.3354700854700855
2.688664549877785, -0.28714928163457576
2.6998180329062675, -0.2390920332096801
2.7292403194976718, -0.2891328828828832
2.727050559550559, -0.23671171171171157
2.7358980007417504, -0.3383096638304973
2.7405290587108766, -0.377058877058877
2.7453636234886227, -0.41717919842919815
2.7506629787879784, -0.4546734234234233
2.754408795886068, -0.4921569296569296
2.75797238013147, -0.5289437164437163
2.768425694712459, -0.5769353912736261
2.77308586058586, -0.6212751212751212
2.785062340270673, -0.6561832665999332
2.810009098897987, -0.5805319208096984
2.81299276725413, -0.5296404358904359
2.8162059649559645, -0.49176676676676667
2.819824754199754, -0.45029404404404383
2.8120570433070426, -0.6283158158158155
2.8047323891073885, -0.6570007507507509
2.82443393068393, -0.40173346423346434
2.8280444686694683, -0.3577543890043887
2.836568685631185, -0.3006287537537544
2.8296480278917775, -0.3336792706167703
2.844840307340307, -0.25718025718025717
2.871464282484019, -0.3819065776302618
2.870402268697722, -0.31769838019838037
2.8767688005188, -0.4304554554554555
2.8794681269113083, -0.4677717490217488
2.8625268445768435, -0.2794893483226819
2.883719925197197, -0.503861816361816
2.8867143710893703, -0.5440857524190854
2.894073601978013, -0.590640272625567
2.900807299244799, -0.6380599349349347
2.910080226291163, -0.6795134978728729
2.9190891406516393, -0.6950969013885686
2.9369840935630402, -0.5894776355302673
2.934726019101019, -0.6377314814814814
2.9443018828435488, -0.5285876153931709
2.946345372039816, -0.46676537648759875
2.9539785418257636, -0.3916590201312423
2.954335472304222, -0.43129848598598586
2.956477552831719, -0.34150296129462787
2.9600288012219824, -0.30028039403039386
2.9648443088783987, -0.2654444216944215
2.969909474336557, -0.234591362195529
2.9778277781567244, -0.1862750908803542
3.0056183215274124, -0.2388297388297388
3.0071532759032755, -0.28078773217662156
3.0082579291102007, -0.31571969696969704
2.995254569504569, -0.16646219296219367
3.004314641814642, -0.20176426426426441
3.0156373281373274, -0.3512957401846293
3.016734163609163, -0.38555885430885417
3.0272984210484206, -0.4314773106439772
3.0304834242334238, -0.4745995995995995
3.0335068247000057, -0.5098536036036033
3.043116606658273, -0.5451076076076073
3.0558486219670424, -0.583830541067383
3.0759971197471194, -0.6002877877877878
3.085407867393161, -0.5187798092209854
3.088172955620872, -0.4678298089756422
3.09584234375901, -0.38672005338672033
3.0917601484007724, -0.43340606231231205
3.0870892914642907, -0.5662600100100098
3.102057151070308, -0.29469930456772564
3.0998050185550174, -0.34346151707262806
3.1101132813632804, -0.2259822322322319
3.1184096174721168, -0.16574386886886872
3.12884417039417, -0.11534615384615432
3.1494085994085985, -0.21052302302302317
3.1489315210906113, -0.2569444444444444
3.1531914628505535, -0.293731231231231
3.1484748531623525, -0.16574386886886894
3.1570554508054505, -0.32643059726393053
3.1578113461636184, -0.36131301756301726
3.163611381736381, -0.39581456456456443
3.1446489867739857, -0.14050102025101985
3.165480352980352, -0.43868868868868893
3.1725889767556428, -0.48124165832499133
3.1776183213683202, -0.52294121044121
3.187521528514175, -0.562148545604428
3.2000428747824574, -0.5909633591925259
3.221052781469447, -0.5152694361027698
3.227404208654208, -0.4470095095095099
3.224044253027586, -0.48379629629629606
3.2204257339674003, -0.5599245078411743
3.228781722531722, -0.4010260260260261
3.231399703274702, -0.3603483290983295
3.239721894162683, -0.27638658395237325
3.236503364628364, -0.3243868868868869
3.249454762996429, -0.21147188855522225
3.2552270693937357, -0.16232065398732076
3.265761781102689, -0.12428906178906163
3.286980747091041, -0.22421502384737646
3.290439402939402, -0.2695473251028806
3.2927570899445895, -0.30400087587587565
3.2875757438257427, -0.1649774774774776
3.2954588593793135, -0.34152618527618506
3.2978246290746283, -0.3771146146146148
3.3029358353221987, -0.4152391027391025
3.305979431604431, -0.45222097097097125
3.30678882053882, -0.488701201201201
3.315171303958068, -0.5350994376729671
3.3196636319032145, -0.5853431556556559
3.3292922393616826, -0.6263450950950953
3.3412779012388385, -0.6664848442192193
3.3615912031353195, -0.5552059412353525
3.364088222213222, -0.5086273773773776
3.3692910654307697, -0.4622471736442325
3.362936489672601, -0.6103360304749195
3.357956493893994, -0.6393737487487487
3.370658883783883, -0.4154341841841842
3.3748949877856114, -0.36826279404404483
3.37725821038321, -0.3246934434434433
3.3828060593685585, -0.28442505005005025
3.3900273281852225, -0.2358081765976503
3.399640112487334, -0.1825193248804361
3.428548187860687, -0.28922484984985
3.4243942668942657, -0.2287412412412413
3.4338760213760207, -0.3471596596596592
3.423457079707079, -0.1813271604938269
3.4392757961507963, -0.38784409409409415
3.4426792977929335, -0.42582923832923814
3.4483200108200096, -0.4684684684684687
3.452827122097955, -0.5095981398064735
3.463756128756129, -0.5489906573239907
3.4681121514454842, -0.5885364531197859
3.477206710019211, -0.6137543793793792
3.502600113290902, -0.5024317080238137
3.4986328591797333, -0.5510471408908908
3.5054215441715435, -0.44373957290623933
3.506454281454281, -0.4010260260260263
3.5125443428075, -0.35294505031347145
3.5018177130677124, -0.5941566566566567
3.5013562857312848, -0.6202139639639642
3.519056731392257, -0.2547662794373319
3.5168075324325314, -0.30377947391836313
3.528334891403072, -0.18782987532987538
3.535024290857623, -0.1365699032365698
3.5495885141718477, -0.10468802135468802
3.568029175198291, -0.19500198728139928
3.5704104724938053, -0.24774774774774755
3.5743802652893546, -0.28453453453453437
3.568539548539548, -0.14229229229229268
3.5767546670671657, -0.3208614864864867
3.5825324257142426, -0.356435981435982
3.5868313204250706, -0.3965554095762429
3.5914545516108003, -0.44394394394394365
3.598782920462607, -0.49749554241741734
3.6078181453181446, -0.5537203870537207
3.619393323437441, -0.5995664782429485
3.6407558020405237, -0.495462476365254
3.6434719809719804, -0.4443818818818823
3.64697976507187, -0.38602088931036294
3.651519398654814, -0.33320038788788797
3.6427522271272266, -0.5466403903903904
3.6506672444172428, -0.2876001001001003
3.6380896454021454, -0.5785413201663199
3.658431684994185, -0.23510228978978986
3.6606656208928934, -0.18978068978068952
3.664062354403263, -0.15271521521521558
3.668564573564573, -0.11490657323990638
3.674637628153252, -0.06515499874874908
3.6938096055283545, -0.046570007507507394
3.7048104610604597, -0.10555266805266827
3.7065122940122937, -0.15033088644199755
3.708831374456373, -0.1849036536536538
3.7115228831137914, -0.2215510965510965
3.713893538893538, -0.25755755755755716
3.7203524599357927, -0.2967967967967966
3.7229523394296113, -0.335534398034398
3.724778287278286, -0.3725998725998724
3.7309294905649057, -0.4098395270270273
3.7379415926290918, -0.4519363113113112
3.744967588149406, -0.4913208663208667
3.7570774674393084, -0.5271175781044202
3.788355517583458, -0.46405044750633007
3.7851305145055143, -0.5196634134134135
3.795635650323149, -0.4026439634078527
3.798966964591964, -0.34737862862862867
3.802844552844552, -0.30104142604142625
3.804630547208671, -0.25062171546546574
3.814773016856349, -0.15972222222222232
3.8144241831741823, -0.20789539539539525
3.8160121488068866, -0.12643650533124107
3.8272283319616665, -0.07886214419547766
3.8498548553236045, -0.24915279863196504
3.8482059194559186, -0.1490365365365367
3.848699367449367, -0.19125375375375342
3.8527955090455084, -0.21402652652652676
3.852187969687969, -0.2931181181181177
3.8586769069723608, -0.3299606424606425
3.8587912775412763, -0.3695343070343067
3.8623613765659215, -0.40687846937846917
3.8684939916189913, -0.4430242742742745
3.8677574234392407, -0.48128810628810603
3.8448929273929275, -0.11391676291676267
3.8734165950075035, -0.5186322686322684
3.879809909809909, -0.5592092092092089
3.8836636641324134, -0.6022037662662665
3.8888371426415547, -0.6353895286689396
3.9036108307045803, -0.6576233878108875
3.919838467857585, -0.5143758203905263
3.918446919146918, -0.5599084854084853
3.924071439696439, -0.4643417455917458
3.926127619565119, -0.4260103853853854
3.920450948575948, -0.5956894394394392
3.9166472301222295, -0.6260976425143094
3.9331780222405213, -0.37386170893115345
3.929719454669452, -0.40049907599907564
3.9364297114297107, -0.32438688688688677
3.940522134272133, -0.28382709632709624
3.9515167729230205, -0.23893424674674657
3.958624589874589, -0.194218256718257
3.9855080344050924, -0.2731739092033211
3.9893471612221605, -0.32733454608454615
3.9847860222860216, -0.20176426426426408
3.9832054644554638, -0.23037620954287585
3.994574478097204, -0.36897693147693156
3.9992070290365738, -0.4078538766038764
4.006748742582075, -0.45334501167834496
4.009315070962797, -0.49814871689871676
4.015313106857224, -0.548714155331802
4.027966481785926, -0.6011393337782229
4.035681626697251, -0.6445468906406405
4.047449190504745, -0.6660271382493603
4.063207989076043, -0.539742867867868
4.064783946346447, -0.492533158158158
4.062067885114759, -0.5878339276776778
4.0692854009260255, -0.4475843030530532
4.063667005542005, -0.6263450950950953
4.076409053145163, -0.37667181069958866
4.072515442046692, -0.4167370495495496
4.083883216070715, -0.30798611111111085
4.080304267804267, -0.345845845845846
4.091797882631215, -0.25878378378378364
4.1072365322365325, -0.23029760529760546
4.124689651056838, -0.3135616084834838
4.133560583560582, -0.36518249018249005
4.135871293162959, -0.40324004560115656
4.127265149140149, -0.26767392392392364
4.140124765385181, -0.4394733274941611
4.150675039645628, -0.4875831714067008
4.15705871018371, -0.5355571918071915
4.174128688816188, -0.5743837587587584
4.194186047311046, -0.5864927427427423
4.207759504141083, -0.5060619830356672
4.205320192820192, -0.5560560560560557
4.214389037734625, -0.4452963993405168
4.216882579070078, -0.39842029529529477
4.222109766484765, -0.35412287287287303
4.2300909863409855, -0.2833083083083082
4.221762203012202, -0.3243868868868869
4.236789351372684, -0.2213254921588257
4.245646051896051, -0.1748816123816126
4.2688307313307305, -0.26802764302764326
4.267926652585743, -0.31212462462462465
4.271798603048602, -0.34550522744967194
4.274120669433168, -0.3803334584584587
4.2665536990536985, -0.2244494494494491
4.27680810635356, -0.4166325416325415
4.279170292920291, -0.4519144144144146
4.263644118269118, -0.1956812004312002
4.284979811116174, -0.49020611520611557
4.285757965303418, -0.5269929019929023
4.291775616775615, -0.5675098175098172
4.298555557195263, -0.6108369398810575
4.300117770651104, -0.6449503349503342
4.338211774241186, -0.5726976976976978
4.33568806068806, -0.6156156156156156
4.341619691619691, -0.5217621467621465
4.317732982070483, -0.6761605355355351
4.334696444071444, -0.6478040540540536
4.348423105224574, -0.44403410763704876
4.344586447711448, -0.48751876876876876
4.350924234361733, -0.39780718218218203
4.355461845167726, -0.3523376317493965
4.364167577136326, -0.2856841216216214
4.351873564373563, -0.3151901901901901
4.369739635189633, -0.2499036151536136
4.400925474948911, -0.2725596690440443
4.405532905532905, -0.31859637415192965
4.407834468459468, -0.3516704204204204
4.382808470558471, -0.20990706090706124
4.41208366083366, -0.38753753753753784
4.414438473032222, -0.425167354854855
4.421145031088212, -0.4627553690053692
4.425085762585761, -0.5043120043120045
4.428007084257084, -0.5434354809354811
4.439515484368425, -0.5853206147323792
4.458547150838818, -0.6163309142475812
4.482243209586959, -0.5738472847847846
4.484922593516343, -0.5163679304304303
4.495038989156637, -0.45909144438556193
4.502333010063272, -0.39126461988304095
4.498433091433089, -0.4255505505505508
4.510383662798434, -0.3227844321594322
4.50940382190382, -0.35810810810810834
4.519069737819736, -0.272272272272272
4.546769549373715, -0.3328171921921923
4.548284567318657, -0.3780342842842842
4.552162489662489, -0.41192581470359224
4.551950653773569, -0.4484145603937274
4.539326926826925, -0.29679679679679705
4.560662466912466, -0.4837962962962965
4.55954254016754, -0.5190503003003004
4.5671886711470036, -0.5615594761428098
4.569791482291482, -0.6094844844844844
4.5779530529530525, -0.6524024024024024
4.5871826423909745, -0.7086774274274273
4.59948048948049, -0.7247497497497499
4.617367467367465, -0.5839381047714378
4.614095871908371, -0.6317098348348347
4.609026856348731, -0.6639461167898668
4.626620514120513, -0.5311946561946561
4.629322087276632, -0.48964873964873923
4.605823555936056, -0.6919672460922461
4.632724521218838, -0.4530709686959684
4.636125326466235, -0.41635385385385404
4.63797822016572, -0.3812531281281277
4.641410459222959, -0.3472253503503506
4.653017489046901, -0.3090590590590586
4.660390429140429, -0.26967833217833204
4.687488298425798, -0.3573417167167171
4.696277980490479, -0.3976729517979517
4.698304796704795, -0.4354034419034414
4.682146195033695, -0.28429509317009327
4.68790832072082, -0.31135823323323364
4.7002967887342875, -0.4701545295295294
4.705402584095765, -0.5048372235872237
4.709520093478426, -0.549297213880547
4.714199526699526, -0.5946675842509174
4.721050478152561, -0.6346797133672135
4.727556529036791, -0.6724899241346607
4.737853578478578, -0.7108671171171173
4.760233218219328, -0.5554964686909136
4.755464228901728, -0.6025869619619615
4.757207022832022, -0.6346659159159156
4.761758525091857, -0.4966716716716717
4.764403292528293, -0.4473632286132285
4.758144210019209, -0.6680367867867867
4.767995401451283, -0.3929112936465877
4.77348545161045, -0.3421907484407485
4.751323365610865, -0.6886382055132051
4.777906609978977, -0.2892942284389649
4.783542900822312, -0.23891170582347065
4.7953327795722505, -0.174023977418715
4.817027354527354, -0.29918112557001464
4.812616762850096, -0.2512180214402425
4.8223318325591045, -0.3508622258622256
4.826086897024395, -0.386158033033033
4.8069817991568, -0.2077280549780538
4.833169970865281, -0.4310110892142146
4.83821499102749, -0.4735266516516521
4.84822645135145, -0.5108754587921254
4.854001592022424, -0.5407647230563895
4.8677700953742615, -0.5664132882882883
4.895326833731437, -0.40152350815728033
4.891931662244161, -0.48183774051829564
4.887616968591967, -0.5200970778470776
4.896343190249439, -0.43329110360360346
4.890848480248479, -0.553002951669618
4.909085094085094, -0.3438021354688028
4.907739140693685, -0.3001410501410504
4.9182398266902165, -0.21876053407173246
4.916205964955964, -0.26491491491491514
4.926477295778765, -0.17029713537066427
4.933509746009744, -0.13038038038038036
4.9450614200614185, -0.0996573496573494
4.963960214630667, -0.21806749931749891
4.968807024782022, -0.17264139139139123
4.958349927099926, -0.2661411411411415
4.957638078888078, -0.30354104104104085
4.9601584117209105, -0.3389483233233238
4.963380241505241, -0.3688375875875879
4.9633092424759075, -0.41737570904237575
4.967042442992441, -0.13432182182182217
4.968863755322088, -0.4556952786119455
